{"cameraMode":{"drawMode":0,"name":"Shaded","section":"Shading Mode"},"sceneLighting":true,"audioPlay":false,"sceneViewState":{"m_AlwaysRefresh":false,"showFog":true,"showSkybox":true,"showFlares":true,"showImageEffects":false,"showParticleSystems":true,"showVisualEffectGraphs":true,"m_FxEnabled":true},"in2DMode":false,"pivot":{"x":1.7621536254882813,"y":-0.12439441680908203,"z":1.232069969177246},"rotation":{"x":-0.01726459711790085,"y":0.6721006035804749,"z":-0.015789678320288659,"w":-0.7401732206344605},"size":6.061690807342529,"orthographic":true}